cardname,cardq,cardid,cardrarity,cardcondition,card_edition,cardset,cardcode
"4-Starred Ladybug of Doom",3,83994646,"Common","M","Unlimited","Pharaoh's Servant","PSV-088"
"4-Starred Ladybug of Doom",1,83994646,"Common","M","1st Edition","Pharaoh's Servant","PSV-088"
"7 Colored Fish",4,23771716,"Common","M","Unlimited","Metal Raiders","MRD-098"
"7 Colored Fish",1,23771716,"Common","M","1st Edition","Metal Raiders","MRD-098"
"7 Completed",1,86198326,"Common","M","Unlimited","Pharaoh's Servant","PSV-004"
"A Feint Plan",2,68170903,"Common","M","Unlimited","Legacy of Darkness","LOD-032"
"A Feint Plan",1,68170903,"Common","M","1st Edition","Legacy of Darkness","LOD-032"
"A Legendary Ocean",6,295517,"Common","M","Unlimited","Legacy of Darkness","LOD-078"
"A Wingbeat of Giant Dragon",5,28596933,"Common","M","Unlimited","Legacy of Darkness","LOD-044"
"After The Struggle",4,25345186,"Rare","M","Unlimited","Legacy of Darkness","LOD-086"
"Amazoness Archer",2,91869203,"Common","M","Unlimited","Labyrinth of Nightmare","LON-032"
"Ancient Brain",4,42431843,"Common","M","Unlimited","Metal Raiders","MRD-082"
"Ancient Elf",1,93221206,"Common","M","Unlimited","Metal Raiders","MRD-037"
"Ancient One of the Deep Forest",1,14015067,"Common","M","Unlimited","Magic Ruler","MRL-018"
"Appropriate",3,48539234,"Rare","M","Unlimited","Pharaoh's Servant","PSV-024"
"Aqua Madoor",1,85639257,"Rare","M","Unlimited","The Legend of Blue Eyes White Dragon","LOB-027"
"Aqua Spirit",2,40916023,"Common","M","Unlimited","Labyrinth of Nightmare","LON-068"
"Aqua Spirit",2,40916023,"Common","M","1st Edition","Labyrinth of Nightmare","LON-068"
"Armaill",3,53153481,"Common","M","Unlimited","The Legend of Blue Eyes White Dragon","LOB-079"
"Armed Ninja",3,9076207,"Rare","M","Unlimited","The Legend of Blue Eyes White Dragon","LOB-106"
"Armored Glass",2,36868108,"Common","M","Unlimited","Pharaoh's Servant","PSV-019"
"Armored Glass",1,36868108,"Common","M","1st Edition","Pharaoh's Servant","PSV-019"
"Armored Lizard",1,15480588,"Common","M","Unlimited","Metal Raiders","MRD-005"
"Armored Starfish",1,17535588,"Common","M","1st Edition","The Legend of Blue Eyes White Dragon","LOB-116"
"Armored Zombie",1,20277860,"Common","M","Unlimited","Metal Raiders","MRD-013"
"Array of Revealing Light",2,69296555,"Rare","M","Unlimited","Legacy of Darkness","LOD-029"
"Attack and Receive",4,63689843,"Common","M","Unlimited","Pharaoh's Servant","PSV-054"
"Axe Raider",1,48305365,"Rare","M","Unlimited","Tournament Pack 3","TP3-006"
"Baby Dragon",2,88819587,"Common","M","Unlimited","Metal Raiders","MRD-061"
"Bad Reaction to Simochi",2,40633297,"Common","M","Unlimited","Legacy of Darkness","LOD-093"
"Bait Doll",2,7165085,"Common","M","Unlimited","Labyrinth of Nightmare","LON-096"
"Banisher of the Light",1,61528025,"Super Rare","M","Unlimited","Magic Ruler","MRL-078"
"Bark of Dark Ruler",4,41925941,"Common","M","Unlimited","Legacy of Darkness","LOD-010"
"Basic Insect",1,89091579,"Common","M","Unlimited","The Legend of Blue Eyes White Dragon","LOB-008"
"Battle Steer",2,18246479,"Common","M","1st Edition","Metal Raiders","MRD-064"
"Battle Steer",1,18246479,"Common","M","Unlimited","Metal Raiders","MRD-064"
"Bean Soldier",1,84990171,"Common","M","Unlimited","Tournament Pack 1","TP1-018"
"Beaver Warrior",3,32452818,"Common","M","Unlimited","The Legend of Blue Eyes White Dragon","LOB-064"
"Bickuribox",2,25655502,"Common","M","Unlimited","Metal Raiders","MRD-093"
"Bio-Mage",2,58696829,"Common","M","Unlimited","Labyrinth of Nightmare","LON-043"
"Bite Shoes",4,50122883,"Common","M","Unlimited","Pharaoh's Servant","PSV-080"
"Black Illusion Ritual",1,41426869,"Super Rare","M","1st Edition","Magic Ruler","MRL-051"
"Bladefly",1,28470714,"Common","M","Unlimited","Tournament Pack 3","TP3-020"
"Bladefly",1,28470714,"Rare","M","Unlimited","Metal Raiders","MRD-118"
"Blast Juggler",3,70138455,"Common","M","Unlimited","Metal Raiders","MRD-034"
"Blast with Chain",1,98239899,"Rare","M","Unlimited","Legacy of Darkness","LOD-088"
"Blind Destruction",1,32015116,"Common","M","Unlimited","Labyrinth of Nightmare","LON-086"
"Blind Destruction",1,32015116,"Common","M","1st Edition","Labyrinth of Nightmare","LON-086"
"Block Attack",1,25880422,"Common","M","1st Edition","Metal Raiders","MRD-133"
"Blue-Eyes Toon Dragon",1,53183600,"Secret Rare","M","Unlimited","Magic Ruler","MRL-000"
"Blue-Eyes White Dragon",1,89631139,"Ultra Rare","M","Unlimited","Shonen Jump Magazine Promos","JMP-001"
"Blue-Winged Crown",4,41396436,"Common","M","Unlimited","Metal Raiders","MRD-122"
"Blue-Winged Crown",1,41396436,"Common","M","1st Edition","Metal Raiders","MRD-122"
"Boar Soldier",3,21340051,"Common","M","Unlimited","Magic Ruler","MRL-089"
"Bombardment Beetle",2,57409948,"Common","M","Unlimited","Pharaoh's Servant","PSV-087"
"Bombardment Beetle",2,57409948,"Common","M","1st Edition","Pharaoh's Servant","PSV-087"
"Boneheimer",1,98456117,"Common","M","1st Edition","Labyrinth of Nightmare","LON-057"
"Boneheimer",3,98456117,"Common","M","Unlimited","Labyrinth of Nightmare","LON-057"
"Book of Secret Arts",3,91595718,"Common","M","1st Edition","The Legend of Blue Eyes White Dragon","LOB-043"
"Bottom Dweller",2,81386177,"Common","M","Unlimited","Metal Raiders","MRD-039"
"Bottomless Trap Hole",1,29401950,"Rare","M","Unlimited","Legacy of Darkness","LOD-092"
"Bubble Crash",3,61622107,"Common","M","Unlimited","Legacy of Darkness","LOD-090"
"Bubonic Vermin",4,6104968,"Common","M","Unlimited","Pharaoh's Servant","PSV-057"
"Bubonic Vermin",1,6104968,"Common","M","1st Edition","Pharaoh's Servant","PSV-057"
"Burning Land",5,24294108,"Common","M","Unlimited","Pharaoh's Servant","PSV-061"
"Burst Breath",2,80163754,"Common","M","Unlimited","Legacy of Darkness","LOD-049"
"Cannon Soldier",2,11384280,"Rare","M","Unlimited","Metal Raiders","MRD-106"
"Castle of Dark Illusions",2,62121,"Common","M","Unlimited","Metal Raiders","MRD-073"
"Catapult Turtle",1,95727991,"Super Rare","M","Unlimited","Metal Raiders","MRD-075"
"Cave Dragon",3,93220472,"Common","M","Unlimited","Legacy of Darkness","LOD-040"
"Ceremonial Bell",2,20228463,"Common","M","1st Edition","Magic Ruler","MRL-092"
"Chain Destruction",1,1248895,"Ultra Rare","M","Unlimited","Pharaoh's Servant","PSV-006"
"Change of Heart",1,4031928,"Ultra Rare","M","Unlimited","Metal Raiders","MRD-060"
"Charubin the Fire Knight",1,37421579,"Rare","M","Unlimited","The Legend of Blue Eyes White Dragon","LOB-015"
"Chorus of Sanctuary",1,81380218,"Common","M","Unlimited","Magic Ruler","MRL-037"
"Chosen One",1,21888494,"Common","M","Unlimited","Labyrinth of Nightmare","LON-014"
"Cocoon of Evolution",3,40240595,"Common","M","Unlimited","Metal Raiders","MRD-011"
"Cold Wave",2,60682203,"Common","M","Unlimited","Pharaoh's Servant","PSV-062"
"Collected Power",3,7565547,"Common","M","Unlimited","Labyrinth of Nightmare","LON-078"
"Collected Power",1,7565547,"Common","M","1st Edition","Labyrinth of Nightmare","LON-078"
"Commencement Dance",3,43417563,"Common","M","1st Edition","Magic Ruler","MRL-062"
"Commencement Dance",1,43417563,"Common","M","Unlimited","Magic Ruler","MRL-062"
"Confiscation",1,17375316,"Super Rare","M","Unlimited","Magic Ruler","MRL-038"
"Convulsion of Nature",3,62966332,"Common","M","Unlimited","Legacy of Darkness","LOD-084"
"Corroding Shark",1,34290067,"Common","M","Unlimited","Tournament Pack 1","TP1-020"
"Crab Turtle",3,91782219,"Common","M","Unlimited","Magic Ruler","MRL-069"
"Crab Turtle",1,91782219,"Common","M","1st Edition","Magic Ruler","MRL-069"
"Crawling Dragon",1,67494157,"Common","M","1st Edition","Metal Raiders","MRD-012"
"Crimson Sentry",3,28358902,"Common","M","Unlimited","Labyrinth of Nightmare","LON-033"
"Crimson Sentry",3,28358902,"Common","M","1st Edition","Labyrinth of Nightmare","LON-033"
"Cure Mermaid",4,85802526,"Common","M","Unlimited","Labyrinth of Nightmare","LON-041"
"Curse of Fiend",4,12470447,"Common","M","Unlimited","Magic Ruler","MRL-032"
"Curse of the Masked Beast",2,94377247,"Common","M","Unlimited","Labyrinth of Nightmare","LON-016"
"Cyber Falcon",2,30655537,"Common","M","Unlimited","Pharaoh's Servant","PSV-047"
"Cyber Falcon",1,30655537,"Common","M","1st Edition","Pharaoh's Servant","PSV-047"
"Cyber Jar",3,34124316,"Rare","M","Unlimited","Magic Ruler","MRL-077"
"Cyber Saurus",1,89112729,"Common","M","Unlimited","Metal Raiders","MRD-105"
"Cyclon Laser",3,5494820,"Common","M","Unlimited","Labyrinth of Nightmare","LON-095"
"Cyclon Laser",1,5494820,"Common","M","1st Edition","Labyrinth of Nightmare","LON-095"
"Dancing Fairy",3,90925163,"Common","M","Unlimited","Labyrinth of Nightmare","LON-038"
"Dark Bat",1,67049542,"Common","M","1st Edition","Pharaoh's Servant","PSV-058"
"Dark Energy",4,4614116,"Common","M","1st Edition","The Legend of Blue Eyes White Dragon","LOB-088"
"Dark Gray",1,9159938,"Common","M","Unlimited","The Legend of Blue Eyes White Dragon","LOB-011"
"Dark Hole",1,53129443,"Common","M","Unlimited","Starter Deck: Kaiba","SDK-022"
"Dark King of the Abyss",3,53375573,"Common","M","Unlimited","The Legend of Blue Eyes White Dragon","LOB-020"
"Dark Magician",1,46986414,"Ultra Rare","M","Unlimited","The Legend of Blue Eyes White Dragon","LOB-005"
"Dark Ruler Ha Des",1,53982768,"Ultra Rare","M","1st Edition","Legacy of Darkness","LOD-001"
"Dark Witch",1,35565537,"Common","M","1st Edition","Magic Ruler","MRL-019"
"Dark Witch",5,35565537,"Common","M","Unlimited","Magic Ruler","MRL-019"
"Dark Zebra",1,59784896,"Common","M","Unlimited","Magic Ruler","MRL-084"
"Darkfire Dragon",1,17881964,"Rare","M","1st Edition","The Legend of Blue Eyes White Dragon","LOB-019"
"Darkfire Dragon",2,17881964,"Common","M","Unlimited","Tournament Pack 3","TP3-016"
"Darkfire Soldier #1",1,5388481,"Common","M","Unlimited","Pharaoh's Servant","PSV-043"
"Darkfire Soldier #2",3,78861134,"Common","M","Unlimited","Pharaoh's Servant","PSV-045"
"Darklord Marie",3,57579381,"Rare","M","Unlimited","Labyrinth of Nightmare","LON-046"
"Darkness Approaches",2,80168720,"Common","M","1st Edition","Magic Ruler","MRL-040"
"Darkness Approaches",3,80168720,"Common","M","Unlimited","Magic Ruler","MRL-040"
"Darkworld Thorns",2,43500484,"Common","M","Unlimited","The Legend of Blue Eyes White Dragon","LOB-114"
"De-Fusion",1,95286165,"Super Rare","M","Unlimited","Labyrinth of Nightmare","LON-097"
"Deal of Phantom",4,69122763,"Common","M","Unlimited","Labyrinth of Nightmare","LON-084"
"Deal of Phantom",1,69122763,"Common","M","1st Edition","Labyrinth of Nightmare","LON-084"
"Deepsea Shark",1,28593363,"Common","M","Unlimited","Metal Raiders","MRD-038"
"Deepsea Warrior",3,24128274,"Common","M","Unlimited","Pharaoh's Servant","PSV-079"
"Deepsea Warrior",1,24128274,"Common","M","1st Edition","Pharaoh's Servant","PSV-079"
"Destroyer Golem",1,73481154,"Common","M","Unlimited","Metal Raiders","MRD-040"
"Destruction Punch",1,5616412,"Rare","M","Unlimited","Labyrinth of Nightmare","LON-085"
"Dharma Cannon",1,96967123,"Common","M","Unlimited","Tournament Pack 2","TP2-018"
"Dimensionhole",1,22959079,"Rare","M","Unlimited","Pharaoh's Servant","PSV-069"
"Disappear",2,24623598,"Common","M","Unlimited","Legacy of Darkness","LOD-089"
"Dissolverock",3,40826495,"Common","M","Unlimited","The Legend of Blue Eyes White Dragon","LOB-031"
"DNA Surgery",1,74701381,"Common","M","Unlimited","Pharaoh's Servant","PSV-026"
"Dokuroyaiba",1,30325729,"Common","M","Unlimited","Pharaoh's Servant","PSV-099"
"Doma The Angel of Silence",1,16972957,"Common","M","Unlimited","Metal Raiders","MRD-015"
"Double Snare",6,3682106,"Common","M","Unlimited","Legacy of Darkness","LOD-015"
"Dragon Capture Jar",1,50045299,"Common","M","Unlimited","Tournament Pack 3","TP3-010"
"Dragon Capture Jar",1,50045299,"Rare","M","Unlimited","The Legend of Blue Eyes White Dragon","LOB-045"
"Dragon Manipulator",4,63018132,"Common","M","Unlimited","Legacy of Darkness","LOD-026"
"Dragon Piper",2,55763552,"Common","M","Unlimited","Metal Raiders","MRD-067"
"Dragon's Gunfire",5,55991637,"Common","M","Unlimited","Legacy of Darkness","LOD-045"
"Dragon's Rage",1,54178050,"Common","M","Unlimited","Legacy of Darkness","LOD-048"
"Dragoness the Wicked Knight",2,70681994,"Rare","M","Unlimited","The Legend of Blue Eyes White Dragon","LOB-086"
"Dream Clown",2,13215230,"Common","M","Unlimited","Metal Raiders","MRD-080"
"Dreamsprite",4,8687195,"Common","M","Unlimited","Labyrinth of Nightmare","LON-073"
"Drill Bug",1,88733579,"Common","M","Unlimited","Pharaoh's Servant","PSV-078"
"Driving Snow",2,473469,"Common","M","Unlimited","Pharaoh's Servant","PSV-018"
"Drooling Lizard",2,16353197,"Common","M","Unlimited","The Legend of Blue Eyes White Dragon","LOB-115"
"Eatgaboon",6,42578427,"Common","M","Unlimited","Magic Ruler","MRL-065"
"Ekibyo Drakmord",3,69954399,"Common","M","Unlimited","Labyrinth of Nightmare","LON-099"
"Electro-Whip",2,37820550,"Common","M","Unlimited","The Legend of Blue Eyes White Dragon","LOB-093"
"Elegant Egotist",1,90219263,"Common","M","Unlimited","Tournament Pack 3","TP3-017"
"Elegant Egotist",1,90219263,"Rare","M","Unlimited","Metal Raiders","MRD-024"
"Emergency Provisions",6,53046408,"Common","M","Unlimited","Legacy of Darkness","LOD-033"
"Empress Judge",4,15237615,"Common","M","Unlimited","Metal Raiders","MRD-046"
"Empress Mantis",1,58818411,"Common","M","Unlimited","Labyrinth of Nightmare","LON-040"
"Empress Mantis",1,58818411,"Common","M","1st Edition","Labyrinth of Nightmare","LON-040"
"Enchanted Javelin",5,96355986,"Common","M","Unlimited","Pharaoh's Servant","PSV-015"
"Enchanted Javelin",2,96355986,"Common","M","1st Edition","Pharaoh's Servant","PSV-015"
"Enchanting Mermaid",4,75376965,"Common","M","Unlimited","The Legend of Blue Eyes White Dragon","LOB-084"
"Eternal Rest",3,95051344,"Common","M","Unlimited","Magic Ruler","MRL-060"
"Eternal Rest",1,95051344,"Common","M","1st Edition","Magic Ruler","MRL-060"
"Fairy Box",3,21598948,"Common","M","Unlimited","Labyrinth of Nightmare","LON-024"
"Fairy Box",1,21598948,"Common","M","1st Edition","Labyrinth of Nightmare","LON-024"
"Fairy's Hand Mirror",2,17653779,"Common","M","Unlimited","Magic Ruler","MRL-041"
"Faith Bird",2,75582395,"Common","M","Unlimited","Tournament Pack 2","TP2-021"
"Fake Trap",1,3027001,"Rare","M","Unlimited","Metal Raiders","MRD-056"
"Fatal Abacus",2,77910045,"Rare","M","Unlimited","Legacy of Darkness","LOD-011"
"Fengsheng Mirror",3,37406863,"Common","M","Unlimited","Legacy of Darkness","LOD-075"
"Feral Imp",2,41392891,"Common","M","Unlimited","Metal Raiders","MRD-001"
"Fiend Comedian",1,81172176,"Common","M","Unlimited","Legacy of Darkness","LOD-098"
"Fiend Reflection #2",1,2863439,"Common","M","Unlimited","The Legend of Blue Eyes White Dragon","LOB-021"
"Final Destiny",3,18591904,"Common","M","Unlimited","Magic Ruler","MRL-035"
"Final Flame",1,73134082,"Rare","M","Unlimited","The Legend of Blue Eyes White Dragon","LOB-100"
"Fire Kraken",1,46534755,"Common","M","1st Edition","Magic Ruler","MRL-014"
"Fire Kraken",1,46534755,"Common","M","Unlimited","Magic Ruler","MRL-014"
"Fire Princess",1,64752646,"Super Rare","M","Unlimited","Labyrinth of Nightmare","LON-034"
"Fire Sorcerer",2,27132350,"Common","M","Unlimited","Labyrinth of Nightmare","LON-036"
"Firegrass",5,53293545,"Common","M","Unlimited","The Legend of Blue Eyes White Dragon","LOB-018"
"Fireyarou",2,71407486,"Common","M","Unlimited","The Legend of Blue Eyes White Dragon","LOB-085"
"Fissure",1,66788016,"Rare","M","Unlimited","The Legend of Blue Eyes White Dragon","LOB-057"
"Flame Cerebrus",1,60862676,"Common","M","Unlimited","Metal Raiders","MRD-111"
"Flame Champion",3,42599677,"Common","M","Unlimited","Pharaoh's Servant","PSV-041"
"Flame Ghost",1,58528964,"Rare","M","1st Edition","The Legend of Blue Eyes White Dragon","LOB-029"
"Flame Manipulator",1,34460851,"Common","M","Unlimited","The Legend of Blue Eyes White Dragon","LOB-016"
"Flying Kamakiri #1",2,84834865,"Rare","M","Unlimited","Magic Ruler","MRL-091"
"Flying Kamakiri #2",1,3134241,"Common","M","Unlimited","Pharaoh's Servant","PSV-048"
"Flying Kamakiri #2",1,3134241,"Common","M","1st Edition","Pharaoh's Servant","PSV-048"
"Follow Wind",3,98252586,"Common","M","Unlimited","The Legend of Blue Eyes White Dragon","LOB-098"
"Forced Requisition",2,74923978,"Rare","M","1st Edition","Pharaoh's Servant","PSV-025"
"Forest",1,87430998,"Common","M","Unlimited","The Legend of Blue Eyes White Dragon","LOB-046"
"Frenzied Panda",4,98818516,"Common","M","Unlimited","The Legend of Blue Eyes White Dragon","LOB-081"
"Frontier Wiseman",3,38742075,"Common","M","Unlimited","Legacy of Darkness","LOD-022"
"Fushi No Tori",1,38538445,"Common","M","Unlimited","Legacy of Darkness","LOD-072"
"Fusion Gate",3,33550694,"Common","M","Unlimited","Labyrinth of Nightmare","LON-098"
"Gadget Soldier",2,86281779,"Common","M","1st Edition","Labyrinth of Nightmare","LON-010"
"Gadget Soldier",2,86281779,"Common","M","Unlimited","Labyrinth of Nightmare","LON-010"
"Gaia Power",3,56594520,"Common","M","Unlimited","Magic Ruler","MRL-096"
"Gamble",2,37313786,"Common","M","Unlimited","Pharaoh's Servant","PSV-053"
"Garnecia Elefantis",1,49888191,"Super Rare","M","Unlimited","Metal Raiders","MRD-125"
"Garuda the Wind Spirit",1,12800777,"Common","M","1st Edition","Labyrinth of Nightmare","LON-070"
"Garuda the Wind Spirit",2,12800777,"Common","M","Unlimited","Labyrinth of Nightmare","LON-070"
"Gazelle the King of Mythical Beasts",3,5818798,"Common","M","Unlimited","Metal Raiders","MRD-124"
"Giant Flea",1,41762634,"Common","M","Unlimited","Tournament Pack 1","TP1-017"
"Giant Red Seasnake",2,58831685,"Super Rare","M","Unlimited","Tournament Pack 2","TP2-003"
"Giant Soldier of Stone",1,13039848,"Rare","M","Unlimited","The Legend of Blue Eyes White Dragon","LOB-068"
"Giant Turtle Who Feeds on Flames",2,96981563,"Common","M","Unlimited","Magic Ruler","MRL-022"
"Gift of the Mystical Elf",5,98299011,"Common","M","Unlimited","Pharaoh's Servant","PSV-009"
"Gilasaurus",3,45894482,"Rare","M","Unlimited","Labyrinth of Nightmare","LON-071"
"Giltia the D. Knight",6,51828629,"Common","M","Unlimited","Metal Raiders","MRD-094"
"Girochin Kuwagata",2,84620194,"Common","M","Unlimited","Pharaoh's Servant","PSV-085"
"Goblin's Secret Remedy",2,11868825,"Rare","M","1st Edition","The Legend of Blue Eyes White Dragon","LOB-099"
"Goblin's Secret Remedy",2,11868825,"Common","M","Unlimited","Tournament Pack 3","TP3-011"
"Graceful Charity",1,79571449,"Super Rare","M","Unlimited","Starter Deck: Pegasus","SDP-040"
"Gradius",4,10992251,"Common","M","Unlimited","Pharaoh's Servant","PSV-089"
"Gradius",2,10992251,"Common","M","1st Edition","Pharaoh's Servant","PSV-089"
"Grand Tiki Elder",2,13676474,"Common","M","Unlimited","Labyrinth of Nightmare","LON-011"
"Grand Tiki Elder",1,13676474,"Common","M","1st Edition","Labyrinth of Nightmare","LON-011"
"Gravedigger Ghoul",1,82542267,"Rare","M","Unlimited","The Legend of Blue Eyes White Dragon","LOB-065"
"Gravekeeper's Servant",1,16762927,"Common","M","Unlimited","Magic Ruler","MRL-031"
"Graverobber",1,61705417,"Super Rare","M","Unlimited","Pharaoh's Servant","PSV-008"
"Graverobber's Retribution",2,33737664,"Common","M","Unlimited","Labyrinth of Nightmare","LON-083"
"Gray Wing",8,29618570,"Common","M","Unlimited","Legacy of Darkness","LOD-041"
"Great Long Nose",3,2356994,"Common","M","Unlimited","Legacy of Darkness","LOD-068"
"Great Moth",1,14141448,"Rare","M","Unlimited","Metal Raiders","MRD-070"
"Griggle",1,95744531,"Common","M","Unlimited","Magic Ruler","MRL-016"
"Ground Attacker Bugroth",1,58314394,"Common","M","Unlimited","Metal Raiders","MRD-022"
"Ground Collapse",3,90502999,"Common","M","Unlimited","Pharaoh's Servant","PSV-070"
"Guardian of the Throne Room",3,47879985,"Common","M","Unlimited","Magic Ruler","MRL-013"
"Guardian of the Throne Room",1,47879985,"Common","M","1st Edition","Magic Ruler","MRL-013"
"Gust",1,73079365,"Common","M","1st Edition","Pharaoh's Servant","PSV-017"
"Gust",1,73079365,"Common","M","Unlimited","Pharaoh's Servant","PSV-017"
"Hamburger Recipe",1,80811661,"Common","M","Unlimited","Magic Ruler","MRL-063"
"Hane-Hane",2,7089711,"Rare","M","Unlimited","The Legend of Blue Eyes White Dragon","LOB-110"
"Hard Armor",2,20060230,"Common","M","1st Edition","The Legend of Blue Eyes White Dragon","LOB-074"
"Harpie Lady",1,76812113,"Common","M","Unlimited","Metal Raiders","MRD-008"
"Hayabusa Knight",1,21015833,"Rare","M","Unlimited","Pharaoh's Servant","PSV-086"
"Headless Knight",5,5434080,"Common","M","Unlimited","Labyrinth of Nightmare","LON-054"
"Heart of Clear Water",4,64801562,"Common","M","Unlimited","Legacy of Darkness","LOD-077"
"Hibikime",2,64501875,"Common","M","1st Edition","Metal Raiders","MRD-055"
"High Tide Gyojin",3,54579801,"Common","M","Unlimited","Magic Ruler","MRL-025"
"High Tide Gyojin",1,54579801,"Common","M","1st Edition","Magic Ruler","MRL-025"
"Hinotama",1,46130346,"Common","M","Unlimited","The Legend of Blue Eyes White Dragon","LOB-056"
"Hinotama Soul",1,96851799,"Common","M","Unlimited","The Legend of Blue Eyes White Dragon","LOB-026"
"Hiro's Shadow Scout",1,81863068,"Rare","M","Unlimited","Magic Ruler","MRL-024"
"Hitotsu-Me Giant",1,76184692,"Common","M","Unlimited","The Legend of Blue Eyes White Dragon","LOB-002"
"Horn of Light",2,38552107,"Common","M","Unlimited","Magic Ruler","MRL-004"
"House of Adhesive Tape",3,15083728,"Common","M","Unlimited","Magic Ruler","MRL-064"
"House of Adhesive Tape",1,15083728,"Common","M","1st Edition","Magic Ruler","MRL-064"
"Humanoid Slime",4,46821314,"Common","M","Unlimited","Labyrinth of Nightmare","LON-003"
"Humanoid Worm Drake",2,5600127,"Common","M","Unlimited","Labyrinth of Nightmare","LON-005"
"Hungry Burger",2,30243636,"Common","M","Unlimited","Magic Ruler","MRL-068"
"Hunter Spider",2,80141480,"Common","M","Unlimited","Metal Raiders","MRD-049"
"Hyosube",1,2118022,"Common","M","1st Edition","Metal Raiders","MRD-054"
"Hyosube",1,2118022,"Common","M","Unlimited","Metal Raiders","MRD-054"
"Hyozanryu",1,62397231,"Rare","M","Unlimited","Magic Ruler","MRL-075"
"Hysteric Fairy",6,21297224,"Common","M","Unlimited","Labyrinth of Nightmare","LON-042"
"Illusionist Faceless Mage",1,28546905,"Common","M","Unlimited","Metal Raiders","MRD-068"
"Infinite Dismissal",4,54109233,"Common","M","Unlimited","Pharaoh's Servant","PSV-072"
"Injection Fairy Lily",2,79575620,"Secret Rare","M","Unlimited","Legacy of Darkness","LOD-100"
"Insect Barrier",3,23615409,"Common","M","Unlimited","Pharaoh's Servant","PSV-102"
"Insect Barrier",1,23615409,"Common","M","1st Edition","Pharaoh's Servant","PSV-102"
"Insect Imitation",2,96965364,"Common","M","Unlimited","Pharaoh's Servant","PSV-068"
"Inspection",2,16227556,"Common","M","Unlimited","Pharaoh's Servant","PSV-038"
"Inspection",1,16227556,"Common","M","1st Edition","Pharaoh's Servant","PSV-038"
"Island Turtle",4,4042268,"Common","M","Unlimited","Pharaoh's Servant","PSV-095"
"Jam Breeding Machine",1,21770260,"Rare","M","1st Edition","Labyrinth of Nightmare","LON-026"
"Jam Defender",2,21558682,"Common","M","Unlimited","Labyrinth of Nightmare","LON-028"
"Jellyfish",2,14851496,"Common","M","Unlimited","Metal Raiders","MRD-072"
"Jellyfish",2,14851496,"Common","M","1st Edition","Metal Raiders","MRD-072"
"Jigen Bakudan",3,90020065,"Common","M","Unlimited","Magic Ruler","MRL-074"
"Jigen Bakudan",1,90020065,"Common","M","1st Edition","Magic Ruler","MRL-074"
"Jinzo",1,77585513,"Secret Rare","M","Unlimited","Pharaoh's Servant","PSV-000"
"Kagemusha of the Blue Flame",4,15401633,"Common","M","Unlimited","The Legend of Blue Eyes White Dragon","LOB-028"
"Karate Man",3,23289281,"Rare","M","Unlimited","Magic Ruler","MRL-083"
"Karbonala Warrior",1,54541900,"Rare","M","Unlimited","The Legend of Blue Eyes White Dragon","LOB-067"
"Kazejin",1,62340868,"Super Rare","M","1st Edition","Metal Raiders","MRD-026"
"Killer Needle",2,88979991,"Common","M","Unlimited","Metal Raiders","MRD-006"
"Killer Needle",2,88979991,"Common","M","1st Edition","Metal Raiders","MRD-006"
"King Fog",2,84686841,"Common","M","1st Edition","The Legend of Blue Eyes White Dragon","LOB-036"
"King of Yamimakai",1,69455834,"Common","M","Unlimited","Metal Raiders","MRD-074"
"Kiseitai",4,4266839,"Common","M","Unlimited","Pharaoh's Servant","PSV-046"
"Kojikocy",3,1184620,"Common","M","Unlimited","Metal Raiders","MRD-010"
"Kotodama",2,19406822,"Common","M","Unlimited","Magic Ruler","MRL-095"
"Kumootoko",2,56283725,"Common","M","Unlimited","The Legend of Blue Eyes White Dragon","LOB-082"
"Kurama",2,85705804,"Common","M","Unlimited","The Legend of Blue Eyes White Dragon","LOB-039"
"Kuriboh",1,40640057,"Super Rare","M","Unlimited","Metal Raiders","MRD-071"
"Labyrinth Wall",3,67284908,"Common","M","Unlimited","Magic Ruler","MRL-055"
"Lady of Faith",4,17358176,"Common","M","Unlimited","Metal Raiders","MRD-119"
"Lady Panther",2,38480590,"Common","M","1st Edition","Labyrinth of Nightmare","LON-030"
"Larvae Moth",2,87756343,"Common","M","Unlimited","Metal Raiders","MRD-007"
"Larvas",5,94675535,"Common","M","1st Edition","The Legend of Blue Eyes White Dragon","LOB-073"
"Laser Cannon Armor",2,77007920,"Common","M","Unlimited","The Legend of Blue Eyes White Dragon","LOB-089"
"Launcher Spider",1,87322377,"Common","M","Unlimited","Metal Raiders","MRD-095"
"Lava Battleguard",2,20394040,"Common","M","Unlimited","Metal Raiders","MRD-115"
"Lava Battleguard",1,20394040,"Common","M","1st Edition","Metal Raiders","MRD-115"
"Legendary Sword",3,61854111,"Common","M","Unlimited","The Legend of Blue Eyes White Dragon","LOB-040"
"Leghul",2,12472242,"Common","M","Unlimited","Metal Raiders","MRD-031"
"Leghul",1,12472242,"Common","M","1st Edition","Metal Raiders","MRD-031"
"Leogun",2,10538007,"Common","M","Unlimited","Metal Raiders","MRD-033"
"Lesser Dragon",1,55444629,"Common","M","Unlimited","The Legend of Blue Eyes White Dragon","LOB-113"
"Life Absorbing Machine",3,14318794,"Common","M","Unlimited","Legacy of Darkness","LOD-012"
"Life Absorbing Machine",1,14318794,"Common","M","1st Edition","Legacy of Darkness","LOD-012"
"Light of Intervention",3,62867251,"Common","M","Unlimited","Pharaoh's Servant","PSV-031"
"Light of Intervention",1,62867251,"Common","M","1st Edition","Pharaoh's Servant","PSV-031"
"Lightning Blade",1,55226821,"Common","M","1st Edition","Labyrinth of Nightmare","LON-022"
"Lightning Blade",2,55226821,"Common","M","Unlimited","Labyrinth of Nightmare","LON-022"
"Lightning Conger",1,27671321,"Common","M","1st Edition","Labyrinth of Nightmare","LON-060"
"Lightning Conger",2,27671321,"Common","M","Unlimited","Labyrinth of Nightmare","LON-060"
"Limiter Removal",1,23171610,"Super Rare","M","Unlimited","Pharaoh's Servant","PSV-064"
"Liquid Beast",1,93108297,"Common","M","1st Edition","Magic Ruler","MRL-023"
"Liquid Beast",3,93108297,"Common","M","Unlimited","Magic Ruler","MRL-023"
"Little Chimera",1,68658728,"Common","M","Unlimited","Tournament Pack 3","TP3-019"
"Little Chimera",1,68658728,"Rare","M","1st Edition","Metal Raiders","MRD-117"
"Lizard Soldier",3,20831168,"Common","M","Unlimited","Legacy of Darkness","LOD-038"
"Luminous Spark",5,81777047,"Common","M","Unlimited","Magic Ruler","MRL-100"
"Luster Dragon #2",1,17658803,"Super Rare","M","Unlimited","Legacy of Darkness","LOD-050"
"M-Warrior #1",3,56342351,"Common","M","Unlimited","The Legend of Blue Eyes White Dragon","LOB-076"
"M-Warrior #2",3,92731455,"Common","M","1st Edition","The Legend of Blue Eyes White Dragon","LOB-077"
"Machine Conversion Factory",2,25769732,"Common","M","Unlimited","The Legend of Blue Eyes White Dragon","LOB-096"
"Mad Sword Beast",2,79870141,"Rare","M","Unlimited","Pharaoh's Servant","PSV-091"
"Magic Cylinder",1,62279055,"Secret Rare","M","Unlimited","Labyrinth of Nightmare","LON-104"
"Magic Cylinder",1,62279055,"Secret Rare","M","1st Edition","Labyrinth of Nightmare","LON-104"
"Magic Drain",1,59344077,"Rare","M","1st Edition","Pharaoh's Servant","PSV-071"
"Magic Drain",1,59344077,"Rare","M","Unlimited","Pharaoh's Servant","PSV-071"
"Magic Reflector",2,61844784,"Rare","M","Unlimited","Legacy of Darkness","LOD-087"
"Magical Labyrinth",3,64389297,"Common","M","Unlimited","Magic Ruler","MRL-059"
"Maharaghi",1,40695128,"Short Print","M","Unlimited","Legacy of Darkness","LOD-064"
"Maiden of the Moonlight",1,79629370,"Common","M","Unlimited","Tournament Pack 2","TP2-023"
"Major Riot",2,9074847,"Common","M","Unlimited","Pharaoh's Servant","PSV-029"
"Major Riot",1,9074847,"Common","M","1st Edition","Pharaoh's Servant","PSV-029"
"Malevolent Nuzzler",3,99597615,"Common","M","Unlimited","Magic Ruler","MRL-005"
"Malevolent Nuzzler",1,99597615,"Common","M","1st Edition","Magic Ruler","MRL-005"
"Mammoth Graveyard",7,40374923,"Common","M","Unlimited","The Legend of Blue Eyes White Dragon","LOB-009"
"Man Eater",1,93553943,"Common","M","Unlimited","The Legend of Blue Eyes White Dragon","LOB-075"
"Manga Ryu-Ran",2,38369349,"Rare","M","Unlimited","Magic Ruler","MRL-071"
"Marauding Captain",1,2460565,"Ultra Rare","M","Unlimited","Legacy of Darkness","LOD-018"
"Maryokutai",2,71466592,"Common","M","Unlimited","Labyrinth of Nightmare","LON-076"
"Maryokutai",1,71466592,"Common","M","1st Edition","Labyrinth of Nightmare","LON-076"
"Mask of Brutality",2,82432018,"Rare","M","Unlimited","Labyrinth of Nightmare","LON-020"
"Mask of Darkness",1,28933734,"Rare","M","Unlimited","Metal Raiders","MRD-014"
"Mask of Darkness",1,28933734,"Rare","M","1st Edition","Metal Raiders","MRD-014"
"Mask of the Accursed",1,56948373,"Super Rare","M","Unlimited","Labyrinth of Nightmare","LON-019"
"Mask of Weakness",3,57882509,"Common","M","Unlimited","Labyrinth of Nightmare","LON-015"
"Masked Sorcerer",1,10189126,"Rare","M","Unlimited","Metal Raiders","MRD-019"
"Mechanical Snail",5,34442949,"Common","M","Unlimited","Magic Ruler","MRL-021"
"Mechanicalchaser",1,7359741,"Ultra Rare","M","Unlimited","Tournament Pack 1","TP1-001"
"Meda Bat",3,76211194,"Common","M","Unlimited","The Legend of Blue Eyes White Dragon","LOB-083"
"Mega Thunderball",2,21817254,"Common","M","Unlimited","Metal Raiders","MRD-044"
"Mega Thunderball",2,21817254,"Common","M","1st Edition","Metal Raiders","MRD-044"
"Melchid the Four-Face Beast",1,86569121,"Common","M","Unlimited","Labyrinth of Nightmare","LON-012"
"Melchid the Four-Face Beast",1,86569121,"Common","M","1st Edition","Labyrinth of Nightmare","LON-012"
"Messenger of Peace",1,44656491,"Super Rare","M","Unlimited","Magic Ruler","MRL-102"
"Metal Detector",2,75646520,"Common","M","Unlimited","Pharaoh's Servant","PSV-022"
"Metal Dragon",2,9293977,"Rare","M","Unlimited","The Legend of Blue Eyes White Dragon","LOB-102"
"Metal Fish",3,55998462,"Common","M","Unlimited","Magic Ruler","MRL-007"
"Michizure",1,37580756,"Rare","M","Unlimited","Pharaoh's Servant","PSV-051"
"Milus Radiant",1,7489323,"Rare","M","1st Edition","Metal Raiders","MRD-110"
"Milus Radiant",3,7489323,"Rare","M","Unlimited","Metal Raiders","MRD-110"
"Minar",2,32539892,"Common","M","1st Edition","Magic Ruler","MRL-015"
"Minar",1,32539892,"Common","M","Unlimited","Magic Ruler","MRL-015"
"Minor Goblin Official",3,1918087,"Common","M","Unlimited","Pharaoh's Servant","PSV-052"
"Miracle Dig",4,6343408,"Common","M","Unlimited","Labyrinth of Nightmare","LON-100"
"Mirror Wall",1,22359980,"Super Rare","M","Unlimited","Pharaoh's Servant","PSV-016"
"Misairuzame",2,33178416,"Common","M","Unlimited","The Legend of Blue Eyes White Dragon","LOB-111"
"Molten Destruction",4,19384334,"Common","M","Unlimited","Magic Ruler","MRL-098"
"Monster Recovery",2,93108433,"Rare","M","Unlimited","Pharaoh's Servant","PSV-066"
"Morinphen",3,55784832,"Common","M","Unlimited","Metal Raiders","MRD-043"
"Morphing Jar #2",2,79106360,"Rare","M","Unlimited","Pharaoh's Servant","PSV-040"
"Mother Grizzly",1,57839750,"Rare","M","Unlimited","Magic Ruler","MRL-090"
"Mountain",3,50913601,"Common","M","Unlimited","The Legend of Blue Eyes White Dragon","LOB-048"
"Mr. Volcano",4,31477025,"Common","M","Unlimited","Pharaoh's Servant","PSV-044"
"Mr. Volcano",1,31477025,"Common","M","1st Edition","Pharaoh's Servant","PSV-044"
"Mushroom Man #2",4,93900406,"Common","M","Unlimited","Metal Raiders","MRD-114"
"Mysterious Guard",2,1347977,"Common","M","Unlimited","Legacy of Darkness","LOD-021"
"Mystic Horseman",2,68516705,"Common","M","Unlimited","Metal Raiders","MRD-076"
"Mystic Lamp",1,98049915,"Common","M","Unlimited","Metal Raiders","MRD-028"
"Mystic Lamp",1,98049915,"Common","M","1st Edition","Metal Raiders","MRD-028"
"Mystic Plasma Zone",1,18161786,"Common","M","1st Edition","Magic Ruler","MRL-101"
"Mystic Plasma Zone",1,18161786,"Common","M","Unlimited","Magic Ruler","MRL-101"
"Mystic Probe",1,49251811,"Common","M","Unlimited","Pharaoh's Servant","PSV-021"
"Mystic Tomato",1,83011278,"Rare","M","1st Edition","Magic Ruler","MRL-094"
"Mystic Tomato",2,83011278,"Rare","M","Unlimited","Magic Ruler","MRL-094"
"Mystical Elf",1,15025844,"Super Rare","M","Unlimited","The Legend of Blue Eyes White Dragon","LOB-062"
"Mystical Sheep #2",2,83464209,"Common","M","Unlimited","The Legend of Blue Eyes White Dragon","LOB-037"
"Needle Worm",1,81843628,"Ultra Rare","M","Unlimited","Tournament Pack 3","TP3-001"
"Nemuriko",4,90963488,"Common","M","1st Edition","The Legend of Blue Eyes White Dragon","LOB-013"
"Nimble Momonga",1,22567609,"Rare","M","1st Edition","Magic Ruler","MRL-086"
"Nimble Momonga",2,22567609,"Rare","M","Unlimited","Magic Ruler","MRL-086"
"Niwatori",1,7805359,"Common","M","Unlimited","Metal Raiders","MRD-112"
"Nobleman of Extermination",1,17449108,"Rare","M","Unlimited","Pharaoh's Servant","PSV-035"
"Numinous Healer",4,2130625,"Common","M","Unlimited","Pharaoh's Servant","PSV-023"
"Numinous Healer",2,2130625,"Common","M","1st Edition","Pharaoh's Servant","PSV-023"
"Nutrient Z",1,29389368,"Common","M","Unlimited","Legacy of Darkness","LOD-096"
"Nuvia the Wicked",2,12953226,"Rare","M","Unlimited","Labyrinth of Nightmare","LON-013"
"Octoberser",1,74637266,"Common","M","1st Edition","Magic Ruler","MRL-052"
"Octoberser",2,74637266,"Common","M","Unlimited","Magic Ruler","MRL-052"
"Ocubeam",1,86088138,"Common","M","1st Edition","Metal Raiders","MRD-030"
"Ocubeam",3,86088138,"Common","M","Unlimited","Metal Raiders","MRD-030"
"Offerings to the Doomed",1,19230408,"Common","M","Unlimited","Labyrinth of Nightmare","LON-051"
"Ominous Fortunetelling",4,56995655,"Common","M","Unlimited","Legacy of Darkness","LOD-094"
"One-Eyed Shield Dragon",4,33064647,"Common","M","Unlimited","The Legend of Blue Eyes White Dragon","LOB-087"
"Oni Tank T-34",3,66927994,"Common","M","Unlimited","Pharaoh's Servant","PSV-059"
"Oni Tank T-34",1,66927994,"Common","M","1st Edition","Pharaoh's Servant","PSV-059"
"Ooguchi",2,58861941,"Common","M","Unlimited","Metal Raiders","MRD-032"
"Opticlops",2,14531242,"Rare","M","Unlimited","Legacy of Darkness","LOD-009"
"Oscillo Hero",2,82065276,"Common","M","Unlimited","Tournament Pack 1","TP1-023"
"Otohime",3,39751094,"Common","M","Unlimited","Legacy of Darkness","LOD-069"
"Pale Beast",2,21263083,"Common","M","Unlimited","Metal Raiders","MRD-047"
"Paralyzing Potion",2,50152549,"Common","M","Unlimited","Metal Raiders","MRD-137"
"Paralyzing Potion",1,50152549,"Common","M","1st Edition","Metal Raiders","MRD-137"
"Parrot Dragon",2,62762898,"Common","M","Unlimited","Tournament Pack 2","TP2-028"
"Patrician of Darkness",7,19153634,"Common","M","Unlimited","Legacy of Darkness","LOD-058"
"Peacock",5,20624263,"Common","M","Unlimited","Magic Ruler","MRL-011"
"Peacock",1,20624263,"Common","M","1st Edition","Magic Ruler","MRL-011"
"Penguin Knight",1,36039163,"Common","M","1st Edition","Magic Ruler","MRL-001"
"Penguin Knight",1,36039163,"Common","M","Unlimited","Magic Ruler","MRL-001"
"Performance of Sword",2,4849037,"Common","M","Unlimited","Magic Ruler","MRL-067"
"Petit Angel",2,38142739,"Common","M","Unlimited","The Legend of Blue Eyes White Dragon","LOB-025"
"Petit Dragon",1,75356564,"Common","M","Unlimited","The Legend of Blue Eyes White Dragon","LOB-024"
"Petit Moth",3,58192742,"Common","M","Unlimited","Metal Raiders","MRD-023"
"Possessed Dark Soul",2,52860176,"Common","M","Unlimited","Legacy of Darkness","LOD-004"
"Pot of Greed",1,55144522,"Common","M","Unlimited","Tournament Pack 3","TP3-014"
"Pot of Greed",1,55144522,"Rare","M","Unlimited","The Legend of Blue Eyes White Dragon","LOB-119"
"Power of Kaishin",1,77027445,"Common","M","Unlimited","The Legend of Blue Eyes White Dragon","LOB-044"
"Prevent Rat",2,549481,"Common","M","Unlimited","Metal Raiders","MRD-084"
"Princess of Tsurugi",2,51371017,"Rare","M","Unlimited","Metal Raiders","MRD-086"
"Prohibition",1,43711255,"Rare","M","Unlimited","Pharaoh's Servant","PSV-039"
"Protector of the Throne",1,10071456,"Common","M","Unlimited","Metal Raiders","MRD-087"
"Pumpking the King of Ghosts",1,29155212,"Common","M","Unlimited","Metal Raiders","MRD-079"
"Punished Eagle",1,74703140,"Common","M","Unlimited","Metal Raiders","MRD-100"
"Queen Bird",1,73081602,"Common","M","1st Edition","Magic Ruler","MRL-009"
"Queen Bird",2,73081602,"Common","M","Unlimited","Magic Ruler","MRL-009"
"Queen's Double",2,5901497,"Common","M","Unlimited","Metal Raiders","MRD-051"
"Queen's Double",1,5901497,"Common","M","1st Edition","Metal Raiders","MRD-051"
"Rabid Horseman",1,94905343,"Common","M","Unlimited","Metal Raiders","MRD-077"
"Rainbow Flower",1,21347810,"Common","M","1st Edition","Metal Raiders","MRD-042"
"Rainbow Flower",2,21347810,"Common","M","Unlimited","Metal Raiders","MRD-042"
"Raise Body Heat",4,51267887,"Common","M","1st Edition","The Legend of Blue Eyes White Dragon","LOB-097"
"Ray & Temperature",4,85309439,"Common","M","Unlimited","The Legend of Blue Eyes White Dragon","LOB-035"
"Ready for Intercepting",3,31785398,"Common","M","Unlimited","Legacy of Darkness","LOD-031"
"Reaper of the Cards",1,33066139,"Rare","M","Unlimited","The Legend of Blue Eyes White Dragon","LOB-071"
"Red Archery Girl",1,65570596,"Common","M","Unlimited","Magic Ruler","MRL-030"
"Red Medicine",3,38199696,"Common","M","Unlimited","The Legend of Blue Eyes White Dragon","LOB-054"
"Relinquished",1,64631466,"Ultra Rare","M","Unlimited","Magic Ruler","MRL-029"
"Remove Trap",4,51482758,"Common","M","Unlimited","The Legend of Blue Eyes White Dragon","LOB-060"
"Respect Play",2,8951260,"Common","M","Unlimited","Pharaoh's Servant","PSV-032"
"Respect Play",1,8951260,"Common","M","1st Edition","Pharaoh's Servant","PSV-032"
"Return of the Doomed",1,19827717,"Rare","M","1st Edition","Labyrinth of Nightmare","LON-021"
"Return of the Doomed",1,19827717,"Rare","M","Unlimited","Labyrinth of Nightmare","LON-021"
"Ring of Magnetism",1,20436034,"Common","M","Unlimited","Metal Raiders","MRD-139"
"Rising Air Current",2,45778932,"Common","M","Unlimited","Magic Ruler","MRL-099"
"Rising Air Current",1,45778932,"Common","M","1st Edition","Magic Ruler","MRL-099"
"Roaring Ocean Snake",1,19066538,"Common","M","Unlimited","Metal Raiders","MRD-020"
"Robolady",2,92421852,"Common","M","Unlimited","Legacy of Darkness","LOD-054"
"Robotic Knight",4,44203504,"Common","M","Unlimited","Legacy of Darkness","LOD-051"
"Roboyarou",2,38916461,"Common","M","Unlimited","Legacy of Darkness","LOD-055"
"Rock Ogre Grotto #1",2,68846917,"Common","M","Unlimited","Metal Raiders","MRD-004"
"Rock Ogre Grotto #1",1,68846917,"Common","M","1st Edition","Metal Raiders","MRD-004"
"Root Water",3,39004808,"Common","M","Unlimited","The Legend of Blue Eyes White Dragon","LOB-032"
"Royal Oppression",1,93016201,"Rare","M","Unlimited","Legacy of Darkness","LOD-091"
"Rush Recklessly",1,70046172,"Rare","M","1st Edition","Magic Ruler","MRL-043"
"Rush Recklessly",2,70046172,"Rare","M","Unlimited","Magic Ruler","MRL-043"
"Ryu-Kishin Clown",2,42647539,"Common","M","Unlimited","Legacy of Darkness","LOD-007"
"Ryu-Kishin Powered",3,24611934,"Common","M","Unlimited","Metal Raiders","MRD-092"
"Ryu-Ran",5,2964201,"Common","M","Unlimited","Magic Ruler","MRL-070"
"Saggi the Dark Clown",2,66602787,"Common","M","Unlimited","Metal Raiders","MRD-066"
"Sand Stone",2,73051941,"Common","M","Unlimited","The Legend of Blue Eyes White Dragon","LOB-109"
"Sangan",2,26202165,"Rare","M","Unlimited","Metal Raiders","MRD-069"
"Scapegoat",1,73915051,"Super Rare","M","Unlimited","Starter Deck: Joey","SDJ-041"
"Science Soldier",4,67532912,"Common","M","Unlimited","Pharaoh's Servant","PSV-097"
"Scroll of Bewitchment",4,10352095,"Common","M","Unlimited","Labyrinth of Nightmare","LON-048"
"Second Coin Toss",3,36562627,"Rare","M","Unlimited","Legacy of Darkness","LOD-083"
"Senju of the Thousand Hands",2,23401839,"Rare","M","Unlimited","Magic Ruler","MRL-080"
"Serpent Night Dragon",2,66516792,"Secret Rare","M","Unlimited","Magic Ruler","MRL-103"
"Serpentine Princess",3,71829750,"Common","M","Unlimited","Legacy of Darkness","LOD-057"
"Shadow of Eyes",2,58621589,"Common","M","Unlimited","Pharaoh's Servant","PSV-075"
"Shadow of Eyes",1,58621589,"Common","M","1st Edition","Pharaoh's Servant","PSV-075"
"Share the Pain",1,56830749,"Common","M","Unlimited","Metal Raiders","MRD-140"
"Share the Pain",1,56830749,"Common","M","1st Edition","Metal Raiders","MRD-140"
"Shield & Sword",1,52097679,"Rare","M","Unlimited","Metal Raiders","MRD-131"
"Shift",2,59560625,"Rare","M","Unlimited","Pharaoh's Servant","PSV-067"
"Shining Abyss",5,87303357,"Common","M","Unlimited","Labyrinth of Nightmare","LON-009"
"Shining Abyss",1,87303357,"Common","M","1st Edition","Labyrinth of Nightmare","LON-009"
"Silver Bow and Arrow",1,1557499,"Common","M","Unlimited","The Legend of Blue Eyes White Dragon","LOB-091"
"Silver Fang",3,90357090,"Common","M","Unlimited","The Legend of Blue Eyes White Dragon","LOB-010"
"Skull Invitation",2,98139712,"Rare","M","Unlimited","Pharaoh's Servant","PSV-056"
"Skull Knight",1,2504891,"Common","M","Unlimited","Metal Raiders","MRD-123"
"Skull Knight #2",2,15653824,"Common","M","Unlimited","Legacy of Darkness","LOD-006"
"Skull Lair",1,6733059,"Common","M","Unlimited","Labyrinth of Nightmare","LON-082"
"Skull Mariner",2,5265750,"Common","M","Unlimited","Pharaoh's Servant","PSV-092"
"Skull Red Bird",1,10202894,"Common","M","Unlimited","The Legend of Blue Eyes White Dragon","LOB-105"
"Skull Servant",4,32274490,"Common","M","Unlimited","The Legend of Blue Eyes White Dragon","LOB-004"
"Sky Scout",1,30532390,"Common","M","Unlimited","Pharaoh's Servant","PSV-049"
"Slot Machine",2,3797883,"Common","M","Unlimited","Magic Ruler","MRL-028"
"Snake Fang",3,596051,"Common","M","Unlimited","Magic Ruler","MRL-050"
"Sogen",2,86318356,"Common","M","Unlimited","The Legend of Blue Eyes White Dragon","LOB-049"
"Solomon's Lawbook",4,23471572,"Common","M","Unlimited","Pharaoh's Servant","PSV-013"
"Sonic Bird",1,57617178,"Common","M","1st Edition","Magic Ruler","MRL-093"
"Sonic Bird",1,57617178,"Common","M","Unlimited","Magic Ruler","MRL-093"
"Soul Demolition",1,76297408,"Common","M","1st Edition","Legacy of Darkness","LOD-014"
"Soul Demolition",1,76297408,"Common","M","Unlimited","Legacy of Darkness","LOD-014"
"Soul of Purity and Light",2,77527210,"Common","M","Unlimited","Labyrinth of Nightmare","LON-066"
"Soul Release",1,5758500,"Common","M","Unlimited","Metal Raiders","MRD-058"
"Souls of the Forgotten",3,4920010,"Common","M","Unlimited","Pharaoh's Servant","PSV-098"
"Souls of the Forgotten",1,4920010,"Common","M","1st Edition","Pharaoh's Servant","PSV-098"
"Sparks",5,76103675,"Common","M","1st Edition","The Legend of Blue Eyes White Dragon","LOB-055"
"Spear Cretin",1,58551308,"Common","M","1st Edition","Magic Ruler","MRL-087"
"Spear Cretin",3,58551308,"Common","M","Unlimited","Magic Ruler","MRL-087"
"Spherous Lady",3,52121290,"Common","M","Unlimited","Labyrinth of Nightmare","LON-059"
"Spike Seadra",2,85326399,"Common","M","Unlimited","The Legend of Blue Eyes White Dragon","LOB-103"
"Spikebot",1,87511987,"Common","M","Unlimited","Pharaoh's Servant","PSV-081"
"Spirit Elimination",5,69832741,"Common","M","Unlimited","Labyrinth of Nightmare","LON-102"
"Spirit Elimination",1,69832741,"Common","M","1st Edition","Labyrinth of Nightmare","LON-102"
"Spirit Message ""A""",2,94772232,"Rare","M","Unlimited","Labyrinth of Nightmare","LON-091"
"Spirit Message ""I""",1,31893528,"Rare","M","Unlimited","Labyrinth of Nightmare","LON-089"
"Spirit Message ""L""",2,30170981,"Rare","M","Unlimited","Labyrinth of Nightmare","LON-092"
"Spirit Message ""L""",1,30170981,"Rare","M","1st Edition","Labyrinth of Nightmare","LON-092"
"Spirit Message ""N""",3,67287533,"Rare","M","Unlimited","Labyrinth of Nightmare","LON-090"
"Spirit of Flames",2,13522325,"Common","M","Unlimited","Labyrinth of Nightmare","LON-067"
"Spirit Ryu",4,67957315,"Common","M","Unlimited","Legacy of Darkness","LOD-036"
"Spirit's Invitation",3,92394653,"Common","M","Unlimited","Legacy of Darkness","LOD-095"
"Spiritual Energy Settle Machine",1,99173029,"Common","M","Unlimited","Legacy of Darkness","LOD-082"
"Spring of Rebirth",6,94425169,"Common","M","Unlimited","Legacy of Darkness","LOD-076"
"St. Joan",2,21175632,"Common","M","Unlimited","Labyrinth of Nightmare","LON-045"
"St. Joan",1,21175632,"Common","M","1st Edition","Labyrinth of Nightmare","LON-045"
"Stamping Destruction",2,81385346,"Common","M","Unlimited","Legacy of Darkness","LOD-046"
"Star Boy",1,8201910,"Rare","M","Unlimited","Metal Raiders","MRD-109"
"Steel Ogre Grotto #1",1,29172562,"Common","M","Unlimited","The Legend of Blue Eyes White Dragon","LOB-112"
"Steel Ogre Grotto #2",3,90908427,"Common","M","Unlimited","Pharaoh's Servant","PSV-001"
"Steel Scorpion",3,13599884,"Common","M","Unlimited","Metal Raiders","MRD-029"
"Stone Ogre Grotto",2,15023985,"Common","M","Unlimited","Magic Ruler","MRL-058"
"Stone Ogre Grotto",1,15023985,"Common","M","1st Edition","Magic Ruler","MRL-058"
"Succubus Knight",3,55291359,"Common","M","Unlimited","The Legend of Blue Eyes White Dragon","LOB-117"
"Suijin",2,98434877,"Super Rare","M","Unlimited","Metal Raiders","MRD-027"
"Summoned Skull",1,70781052,"Ultra Rare","M","Unlimited","Metal Raiders","MRD-003"
"Summoner of Illusions",2,14644902,"Common","M","Unlimited","Labyrinth of Nightmare","LON-063"
"Super Rejuvenation",1,27770341,"Common","M","1st Edition","Legacy of Darkness","LOD-047"
"Super Rejuvenation",2,27770341,"Common","M","Unlimited","Legacy of Darkness","LOD-047"
"Super Robolady",4,75923050,"Common","M","Unlimited","Legacy of Darkness","LOD-073"
"Super Roboyarou",3,1412158,"Common","M","Unlimited","Legacy of Darkness","LOD-074"
"Supply",1,44072894,"Common","M","1st Edition","Labyrinth of Nightmare","LON-075"
"Supply",3,44072894,"Common","M","Unlimited","Labyrinth of Nightmare","LON-075"
"Susa Soldier",1,40473581,"Rare","M","Unlimited","Legacy of Darkness","LOD-066"
"Swamp Battleguard",3,40453765,"Common","M","Unlimited","Metal Raiders","MRD-063"
"Sword Hunter",4,51345461,"Common","M","Unlimited","Pharaoh's Servant","PSV-077"
"Sword Hunter",1,51345461,"Common","M","1st Edition","Pharaoh's Servant","PSV-077"
"Sword of Deep-Seated",1,98495314,"Common","M","Unlimited","Metal Raiders","MRD-132"
"Swordsman of Landstar",1,3573512,"Common","M","Unlimited","Labyrinth of Nightmare","LON-002"
"Tailor of the Fickle",1,43641473,"Common","M","Unlimited","Magic Ruler","MRL-042"
"Tailor of the Fickle",1,43641473,"Common","M","1st Edition","Magic Ruler","MRL-042"
"Takuhee",1,3170832,"Common","M","Unlimited","Tournament Pack 2","TP2-022"
"Terra the Terrible",2,63308047,"Common","M","Unlimited","The Legend of Blue Eyes White Dragon","LOB-080"
"The 13th Grave",1,32864,"Common","M","Unlimited","The Legend of Blue Eyes White Dragon","LOB-014"
"The A. Forces",1,403847,"Rare","M","Unlimited","Legacy of Darkness","LOD-027"
"The All-Seeing White Tiger",2,32269855,"Common","M","Unlimited","Pharaoh's Servant","PSV-093"
"The Bistro Butcher",1,71107816,"Common","M","1st Edition","Metal Raiders","MRD-108"
"The Bistro Butcher",2,71107816,"Common","M","Unlimited","Metal Raiders","MRD-108"
"The Cheerful Coffin",1,41142615,"Common","M","1st Edition","Metal Raiders","MRD-059"
"The Cheerful Coffin",3,41142615,"Common","M","Unlimited","Metal Raiders","MRD-059"
"The Dark Door",5,30606547,"Common","M","Unlimited","Labyrinth of Nightmare","LON-093"
"The Dragon Dwelling in the Cave",5,93346024,"Common","M","Unlimited","Legacy of Darkness","LOD-037"
"The Earl of Demise",5,66989694,"Common","M","Unlimited","Labyrinth of Nightmare","LON-056"
"The Emperor's Holiday",2,68400115,"Common","M","1st Edition","Labyrinth of Nightmare","LON-087"
"The Emperor's Holiday",1,68400115,"Common","M","Unlimited","Labyrinth of Nightmare","LON-087"
"The Eye of Truth",1,34694160,"Common","M","Unlimited","Pharaoh's Servant","PSV-010"
"The Forgiving Maiden",2,84080939,"Common","M","Unlimited","Labyrinth of Nightmare","LON-044"
"The Furious Sea King",1,18710707,"Common","M","Unlimited","The Legend of Blue Eyes White Dragon","LOB-033"
"The Gross Ghost of Fled Dreams",3,68049471,"Common","M","Unlimited","Labyrinth of Nightmare","LON-053"
"The Gross Ghost of Fled Dreams",1,68049471,"Common","M","1st Edition","Labyrinth of Nightmare","LON-053"
"The Hunter with 7 Weapons",5,1525329,"Common","M","Unlimited","Legacy of Darkness","LOD-024"
"The Illusory Gentleman",2,83764996,"Common","M","Unlimited","Legacy of Darkness","LOD-053"
"The Illusory Gentleman",1,83764996,"Common","M","1st Edition","Legacy of Darkness","LOD-053"
"The Immortal of Thunder",2,84926738,"Common","M","Unlimited","Metal Raiders","MRD-099"
"The Little Swordsman of Aile",2,25109950,"Common","M","Unlimited","Metal Raiders","MRD-085"
"The Masked Beast",1,49064413,"Ultra Rare","M","Unlimited","Labyrinth of Nightmare","LON-001"
"The Portrait's Secret",1,32541773,"Common","M","Unlimited","Labyrinth of Nightmare","LON-052"
"The Regulation of Tribe",2,296499,"Common","M","Unlimited","Pharaoh's Servant","PSV-027"
"The Regulation of Tribe",1,296499,"Common","M","1st Edition","Pharaoh's Servant","PSV-027"
"The Reliable Guardian",3,16430187,"Common","M","Unlimited","Magic Ruler","MRL-044"
"The Rock Spirit",2,76305638,"Common","M","Unlimited","Labyrinth of Nightmare","LON-069"
"The Shallow Grave",1,43434803,"Rare","M","1st Edition","Pharaoh's Servant","PSV-036"
"The Unfriendly Amazon",4,65475294,"Common","M","Unlimited","Labyrinth of Nightmare","LON-031"
"The Warrior Returning Alive",1,95281259,"Rare","M","1st Edition","Legacy of Darkness","LOD-030"
"The Warrior Returning Alive",2,95281259,"Rare","M","Unlimited","Legacy of Darkness","LOD-030"
"Thousand-Eyes Idol",2,27125110,"Common","M","Unlimited","Pharaoh's Servant","PSV-083"
"Thousand-Eyes Idol",1,27125110,"Common","M","1st Edition","Pharaoh's Servant","PSV-083"
"Thousand-Eyes Restrict",1,63519819,"Ultra Rare","M","Unlimited","Pharaoh's Servant","PSV-084"
"Three-Headed Geedo",2,78423643,"Common","M","Unlimited","Pharaoh's Servant","PSV-002"
"Three-Headed Geedo",1,78423643,"Common","M","1st Edition","Pharaoh's Servant","PSV-002"
"Throwstone Unit",5,76075810,"Common","M","Unlimited","Legacy of Darkness","LOD-017"
"Thunder Dragon",4,31786629,"Common","M","Unlimited","Metal Raiders","MRD-097"
"Thunder Dragon",1,31786629,"Common","M","1st Edition","Metal Raiders","MRD-097"
"Thunder Nyan Nyan",1,70797118,"Rare","M","Unlimited","Legacy of Darkness","LOD-059"
"Time Seal",5,35316708,"Common","M","Unlimited","Pharaoh's Servant","PSV-007"
"Time Wizard",1,71625222,"Ultra Rare","M","Unlimited","Metal Raiders","MRD-065"
"Toll",3,82003859,"Common","M","Unlimited","Magic Ruler","MRL-034"
"Tongyo",1,69572024,"Common","M","Unlimited","Metal Raiders","MRD-045"
"Tongyo",2,69572024,"Common","M","1st Edition","Metal Raiders","MRD-045"
"Toon World",1,15259703,"Super Rare","M","Unlimited","Magic Ruler","MRL-076"
"Tornado Bird",1,71283180,"Rare","M","1st Edition","Labyrinth of Nightmare","LON-072"
"Tornado Wall",1,18605135,"Common","M","Unlimited","Labyrinth of Nightmare","LON-023"
"Trap Hole",1,4206964,"Common","M","Unlimited","Starter Deck: Yugi","SDY-027"
"Tremendous Fire",5,46918794,"Common","M","Unlimited","Metal Raiders","MRD-088"
"Tremendous Fire",1,46918794,"Common","M","1st Edition","Metal Raiders","MRD-088"
"Trent",1,78780140,"Common","M","Unlimited","Metal Raiders","MRD-052"
"Tri-Horned Dragon",1,39111158,"Secret Rare","M","Unlimited","The Legend of Blue Eyes White Dragon","LOB-000"
"Trial of Nightmare",2,77827521,"Common","M","Unlimited","The Legend of Blue Eyes White Dragon","LOB-012"
"Tribute to the Doomed",1,79759861,"Super Rare","M","Unlimited","Metal Raiders","MRD-057"
"Troop Dragon",2,55013285,"Common","M","Unlimited","Legacy of Darkness","LOD-042"
"Turtle Oath",1,76806714,"Common","M","Unlimited","Magic Ruler","MRL-066"
"Turtle Tiger",3,37313348,"Common","M","1st Edition","The Legend of Blue Eyes White Dragon","LOB-023"
"Twin Long Rods #2",3,29692206,"Common","M","Unlimited","Magic Ruler","MRL-057"
"Twin-Headed Behemoth",1,43586926,"Super Rare","M","Unlimited","Legacy of Darkness","LOD-063"
"Twin-Headed Fire Dragon",1,78984772,"Common","M","1st Edition","Pharaoh's Servant","PSV-042"
"Twin-Headed Thunder Dragon",1,54752875,"Super Rare","M","Unlimited","Metal Raiders","MRD-120"
"Twin-Headed Wolf",2,88132637,"Common","M","Unlimited","Legacy of Darkness","LOD-008"
"Twin-Headed Wolf",1,88132637,"Common","M","1st Edition","Legacy of Darkness","LOD-008"
"Two-Mouth Darkruler",3,57305373,"Common","M","1st Edition","The Legend of Blue Eyes White Dragon","LOB-030"
"Two-Pronged Attack",1,83887306,"Rare","M","Unlimited","The Legend of Blue Eyes White Dragon","LOB-061"
"Tyhone",3,72842870,"Common","M","Unlimited","The Legend of Blue Eyes White Dragon","LOB-063"
"Tyhone #2",4,56789759,"Common","M","Unlimited","Magic Ruler","MRL-017"
"Type Zero Magic Crusher",3,21237481,"Common","M","Unlimited","Pharaoh's Servant","PSV-074"
"Umi",2,22702055,"Common","M","Unlimited","The Legend of Blue Eyes White Dragon","LOB-050"
"Umiiruka",5,82999629,"Common","M","Unlimited","Magic Ruler","MRL-097"
"Umiiruka",1,82999629,"Common","M","1st Edition","Magic Ruler","MRL-097"
"Upstart Goblin",1,70368879,"Common","M","1st Edition","Magic Ruler","MRL-033"
"Upstart Goblin",2,70368879,"Common","M","Unlimited","Magic Ruler","MRL-033"
"Uraby",3,1784619,"Common","M","Unlimited","The Legend of Blue Eyes White Dragon","LOB-069"
"Vampire Baby",1,56387350,"Rare","M","Unlimited","Pharaoh's Servant","PSV-090"
"Vengeful Bog Spirit",1,95220856,"Common","M","1st Edition","Labyrinth of Nightmare","LON-103"
"Vengeful Bog Spirit",4,95220856,"Common","M","Unlimited","Labyrinth of Nightmare","LON-103"
"Vile Germs",3,39774685,"Common","M","Unlimited","The Legend of Blue Eyes White Dragon","LOB-090"
"Violet Crystal",3,15052462,"Common","M","Unlimited","The Legend of Blue Eyes White Dragon","LOB-042"
"Wall Shadow",2,63162310,"Common","M","Unlimited","Magic Ruler","MRL-056"
"Warrior Dai Grepher",3,75953262,"Common","M","Unlimited","Legacy of Darkness","LOD-020"
"Wasteland",2,23424603,"Common","M","Unlimited","The Legend of Blue Eyes White Dragon","LOB-047"
"Water Omotics",1,2483611,"Common","M","Unlimited","Metal Raiders","MRD-021"
"Weather Report",1,72053645,"Common","M","Unlimited","Magic Ruler","MRL-020"
"Whiptail Crow",2,91996584,"Common","M","Unlimited","Magic Ruler","MRL-027"
"White Hole",1,43487744,"Rare","M","Unlimited","Tournament Pack 3","TP3-009"
"White Magical Hat",1,15150365,"Rare","M","Unlimited","Metal Raiders","MRD-016"
"Winged Dragon, Guardian of the Fortress #1",1,87796900,"Common","M","1st Edition","Metal Raiders","MRD-002"
"Winged Minion",1,89258225,"Common","M","Unlimited","Legacy of Darkness","LOD-005"
"Wingweaver",3,31447217,"Common","M","Unlimited","Pharaoh's Servant","PSV-096"
"Wingweaver",1,31447217,"Common","M","1st Edition","Pharaoh's Servant","PSV-096"
"Witch of the Black Forest",1,78010363,"Rare","M","Unlimited","Metal Raiders","MRD-116"
"Witch's Apprentice",1,80741828,"Rare","M","1st Edition","Metal Raiders","MRD-121"
"Witch's Apprentice",1,80741828,"Rare","M","Unlimited","Metal Raiders","MRD-121"
"Witty Phantom",2,36304921,"Common","M","1st Edition","The Legend of Blue Eyes White Dragon","LOB-072"
"Wolf Axwielder",4,56369281,"Common","M","Unlimited","Legacy of Darkness","LOD-052"
"Wolf Axwielder",1,56369281,"Common","M","1st Edition","Legacy of Darkness","LOD-052"
"Woodland Sprite",3,6979239,"Common","M","Unlimited","Legacy of Darkness","LOD-061"
"World Suppression",1,12253117,"Common","M","1st Edition","Pharaoh's Servant","PSV-020"
"World Suppression",1,12253117,"Common","M","Unlimited","Pharaoh's Servant","PSV-020"
"Worm Drake",3,73216412,"Common","M","Unlimited","Labyrinth of Nightmare","LON-004"
"Worm Drake",1,73216412,"Common","M","1st Edition","Labyrinth of Nightmare","LON-004"
"Yami",4,59197169,"Common","M","1st Edition","The Legend of Blue Eyes White Dragon","LOB-051"
"Zombyra the Dark",3,88472456,"Common","M","Unlimited","Labyrinth of Nightmare","LON-074"